topic_id,topic_description,level,question,answer,explanation
1.1.1,"1. **Vectors:**
   1.1 Concept of vectors as ordered sets of elements.
      1.1.1 Vectors as mathematical entities with both magnitude and direction.
         - Vectors, represented as $$\mathbf{v} = \begin{bmatrix} v_1 \\ v_2 \end{bmatrix}$$, are mathematical entities defined by both magnitude and direction. They play a crucial role in physics, engineering, and mathematics.",BEGINNER,"A vector is a mathematical entity defined by both magnitude and direction.",TRUE,"The definition of a vector includes both magnitude and direction, making the statement true."
1.1.1,"1. **Vectors:**
   1.1 Concept of vectors as ordered sets of elements.
      1.1.1 Vectors as mathematical entities with both magnitude and direction.
         - Vectors, represented as $$\mathbf{v} = \begin{bmatrix} v_1 \\ v_2 \end{bmatrix}$$, are mathematical entities defined by both magnitude and direction. They play a crucial role in physics, engineering, and mathematics.",BEGINNER,"The magnitude of a vector is denoted as \(|\mathbf{v}|\) or \(\|\mathbf{v}\|\).",TRUE,"The magnitude of a vector is indeed denoted as \(|\mathbf{v}|\) or \(\|\mathbf{v}\|\), so the statement is true."
1.1.1,"1. **Vectors:**
   1.1 Concept of vectors as ordered sets of elements.
      1.1.1 Vectors as mathematical entities with both magnitude and direction.
         - Vectors, represented as $$\mathbf{v} = \begin{bmatrix} v_1 \\ v_2 \end{bmatrix}$$, are mathematical entities defined by both magnitude and direction. They play a crucial role in physics, engineering, and mathematics.",BEGINNER,"Directional information of a vector is not important in any application.",FALSE,"Directional information of a vector is crucial, specifying its orientation in space and aiding in various applications like navigation and force analysis, making the statement false."
1.1.2,"1. **Vectors:**
   1.1 Concept of vectors as ordered sets of elements.
      1.1.2 Representation of vectors in Cartesian coordinate systems.
         - In Cartesian coordinates, vectors are often expressed as $$\mathbf{v} = \langle v_1, v_2 \rangle$$, illustrating their position in a multi-dimensional space.",BEGINNER,"In Cartesian coordinates, vectors are often expressed as $$\mathbf{v} = \langle v_1, v_2 \rangle$$.",TRUE,"The statement is true as it accurately represents the expression of vectors in Cartesian coordinates."
1.1.2,"1. **Vectors:**
   1.1 Concept of vectors as ordered sets of elements.
      1.1.2 Representation of vectors in Cartesian coordinate systems.
         - In Cartesian coordinates, vectors are often expressed as $$\mathbf{v} = \langle v_1, v_2 \rangle$$, illustrating their position in a multi-dimensional space.",BEGINNER,"The magnitude of a vector quantifies its length in space.",TRUE,"The magnitude of a vector does quantify its length in space, providing a scalar value representing the vector's size, making the statement true."
1.1.2,"1. **Vectors:**
   1.1 Concept of vectors as ordered sets of elements.
      1.1.2 Representation of vectors in Cartesian coordinate systems.
         - In Cartesian coordinates, vectors are often expressed as $$\mathbf{v} = \langle v_1, v_2 \rangle$$, illustrating their position in a multi-dimensional space.",BEGINNER,"Vectors are not important in physics and engineering.",FALSE,"Vectors play a crucial role in physics, engineering, and mathematics, making the statement false."
1.2.1,"1. **Vectors:**
   1.2 Importance of direction and magnitude in understanding vectors.
      1.2.1 Significance of magnitude in measuring the length or size of vectors.
         - The magnitude of a vector, denoted as \(|\mathbf{v}|\) or \(\|\mathbf{v}\|\), quantifies its length in space, providing a scalar value representing the vector's size.",BEGINNER,"The magnitude of a vector is denoted as \(|\mathbf{v}|\) or \(\|\mathbf{v}\|\).",TRUE,"The magnitude of a vector is indeed denoted as \(|\mathbf{v}|\) or \(\|\mathbf{v}\|\), so the statement is true."
1.2.1,"1. **Vectors:**
   1.2 Importance of direction and magnitude in understanding vectors.
      1.2.1 Significance of magnitude in measuring the length or size of vectors.
         - The magnitude of a vector, denoted as \(|\mathbf{v}|\) or \(\|\mathbf{v}\|\), quantifies its length in space, providing a scalar value representing the vector's size.",BEGINNER,"The magnitude of a negative vector is always negative.",FALSE,"The magnitude of a negative vector is always positive, as magnitude is a measure of the size or length of the vector, making the statement false."
1.2.1,"1. **Vectors:**
   1.2 Importance of direction and magnitude in understanding vectors.
      1.2.1 Significance of magnitude in measuring the length or size of vectors.
         - The magnitude of a vector, denoted as \(|\mathbf{v}|\) or \(\|\mathbf{v}\|\), quantifies its length in space, providing a scalar value representing the vector's size.",BEGINNER,"The magnitude of a vector is a vector quantity.",FALSE,"The magnitude of a vector is a scalar quantity, not a vector quantity, making the statement false."
1.2.2,"1. **Vectors:**
   1.2 Importance of direction and magnitude in understanding vectors.
      1.2.2 Role of direction in indicating orientation or position.
         - Directional information of a vector is crucial, specifying its orientation in space and aiding in various applications like navigation and force analysis.",BEGINNER,"The direction of a vector is not important in any practical application.",FALSE,"Directional information of a vector is crucial, specifying its orientation in space and aiding in various applications like navigation and force analysis, making the statement false."
1.2.2,"1. **Vectors:**
   1.2 Importance of direction and magnitude in understanding vectors.
      1.2.2 Role of direction in indicating orientation or position.
         - Directional information of a vector is crucial, specifying its orientation in space and aiding in various applications like navigation and force analysis.",BEGINNER,"The magnitude of a vector provides a scalar value representing the vector's size.",TRUE,"The magnitude of a vector does provide a scalar value representing the vector's size, making the statement true."
1.2.2,"1. **Vectors:**
   1.2 Importance of direction and magnitude in understanding vectors.
      1.2.2 Role of direction in indicating orientation or position.
         - Directional information of a vector is crucial, specifying its orientation in space and aiding in various applications like navigation and force analysis.",BEGINNER,"The direction of a vector does not indicate its orientation in space.",FALSE,"The direction of a vector is crucial, specifying its orientation in space, making the statement false."